Workbook

Sheet overall_2020
B1: Scenario | C1: Coke | D1: Methane | E1: Heating | F1: Electricity | G1: Other utilities | H1: Direct emissions | I1: Total | J1: 2050 Total | K1: STDEV | L1: Low | M1: High
A2: 0 | B2: Calcium carbide | C2: 1.8382869 | D2: 0 | E2: 0 | F2: =0.343017757736449+6.99461492646626 -> 7.3376327 | G2: =0.122995172300064+0.0494916194816559 -> 0.17248679 | H2: =0.00143962489334015+3.5999997466852 -> 3.6014394 | I2: =SUM(C2:H2) -> 12.949846 | J2: 4.776244 | K2: 0.60257658 | L2: =I2-2*K2 -> 11.744693 | M2: =I2+2*K2 -> 14.154999
A3: =A2+1 -> 1 | B3: Partial combustion | C3: 0 | D3: 3.1359201 | E3: 1.5691224 | F3: 2.2397002 | G3: 0.067907658 | H3: 0.79999995 | I3: =SUM(C3:H3) -> 7.8126504 | J3: 4.8992013 | K3: 0.65833126 | L3: =I3-2*K3 -> 6.4959878 | M3: =I3+2*K3 -> 9.1293129
A4: =A3+1 -> 2 | B4: Thermal plasma | C4: 0 | D4: 1.0926551 | E4: 1.3947755 | F4: 8.2172142 | G4: 0.064980582 | H4: 0 | I4: =SUM(C4:H4) -> 10.769625 | J4: 1.7403841 | K4: 0.5352178 | L4: =I4-2*K4 -> 9.6991897 | M4: =I4+2*K4 -> 11.840061
A5: =A4+1 -> 3 | B5: Non-thermal plasma | C5: 0 | D5: 1.0406239 | E5: 0 | F5: 8.5907239 | G5: 0 | H5: 0 | I5: =SUM(C5:H5) -> 9.6313478 | J5: 0.35210382 | K5: 0.49842299 | L5: =I5-2*K5 -> 8.6345018 | M5: =I5+2*K5 -> 10.628194
A6: =A5+1 -> 4 | B6: Calcium carbide | C6: -7.7153777 | D6: =D2 -> 0 | E6: =E2 -> 0 | F6: =F2 -> 7.3376327 | G6: =G2 -> 0.17248679 | H6: =H2 -> 3.6014394 | I6: =SUM(C6:H6) -> 3.3961812 | J6: -6.1998417 | K6: 0.7700469 | L6: =I6-2*K6 -> 1.8560873 | M6: =I6+2*K6 -> 4.936275
A7: =A6+1 -> 5 | B7: Partial combustion | C7: =C3 -> 0 | D7: -10.805943 | E7: =E3 -> 1.5691224 | F7: =F3 -> 2.2397002 | G7: =G3 -> 0.067907658 | H7: =H3 -> 0.79999995 | I7: =SUM(C7:H7) -> -6.1292132 | J7: -9.3375649 | K7: 0.30408551 | L7: =I7-2*K7 -> -6.7373842 | M7: =I7+2*K7 -> -5.5210422
A8: =A7+1 -> 6 | B8: Thermal plasma | C8: =C4 -> 0 | D8: -3.7651371 | E8: =E4 -> 1.3947755 | F8: =F4 -> 8.2172142 | G8: =G4 -> 0.064980582 | H8: =H4 -> 0 | I8: =SUM(C8:H8) -> 5.9118331 | J8: -3.2201617 | K8: 0.46186194 | L8: =I8-2*K8 -> 4.9881093 | M8: =I8+2*K8 -> 6.835557
A9: =A8+1 -> 7 | B9: Non-thermal plasma | C9: =C5 -> 0 | D9: -3.5858449 | E9: 0 | F9: 8.5907239 | G9: =G5 -> 0 | H9: =H5 -> 0 | I9: =SUM(C9:H9) -> 5.004879 | J9: -4.3722255 | K9: 0.43230126 | L9: =I9-2*K9 -> 4.1402765 | M9: =I9+2*K9 -> 5.8694816

Sheet overall_2050
B1: Scenario | C1: Coke | D1: Methane | E1: Heating | F1: Electricity | G1: Other utilities | H1: Direct emissions | I1: Total
A2: 0 | B2: Calcium carbide | C2: =overall_2020!C2 -> 1.8382869 | D2: =overall_2020!D2 -> 0 | E2: =overall_2020!E2 -> 0 | F2: =overall_2020!F2 -> 7.3376327 | G2: =overall_2020!G2 -> 0.17248679 | H2: =overall_2020!H2 -> 3.6014394 | I2: =SUM(C2:H2) -> 12.949846
A3: =A2+1 -> 1 | B3: Partial oxidation | C3: =overall_2020!C3 -> 0 | D3: =overall_2020!D3 -> 3.1359201 | E3: =overall_2020!E3 -> 1.5691224 | F3: =overall_2020!F3 -> 2.2397002 | G3: =overall_2020!G3 -> 0.067907658 | H3: =overall_2020!H3 -> 0.79999995 | I3: =SUM(C3:H3) -> 7.8126504
A4: =A3+1 -> 2 | B4: Hot plasma | C4: =overall_2020!C4 -> 0 | D4: =overall_2020!D4 -> 1.0926551 | E4: =overall_2020!E4 -> 1.3947755 | F4: =overall_2020!F4 -> 8.2172142 | G4: =overall_2020!G4 -> 0.064980582 | H4: =overall_2020!H4 -> 0 | I4: =SUM(C4:H4) -> 10.769625
A5: =A4+1 -> 3 | B5: Cold plasma | C5: =overall_2020!C5 -> 0 | D5: =overall_2020!D5 -> 1.0406239 | E5: =overall_2020!E5 -> 0 | F5: =overall_2020!F5 -> 8.5907239 | G5: =overall_2020!G5 -> 0 | H5: =overall_2020!H5 -> 0 | I5: =SUM(C5:H5) -> 9.6313478
A6: =A5+1 -> 4 | B6: Calcium carbide | C6: 1.6289895 | D6: 0 | E6: 0 | F6: =-0.0226048237182588+-0.460944175115721 -> -0.483549 | G6: =0.0173825438103353+0.0116868800922303 -> 0.029069424 | H6: =0.00143985248660972+3.59999995015705 -> 3.6014398 | I6: =SUM(C6:H6) -> 4.7759498
A7: =A6+1 -> 5 | B7: Partial oxidation | C7: 0 | D7: 2.7670901 | E7: 1.4399677 | F7: -0.14759594 | G7: 0.039739498 | H7: 0.7999999 | I7: =SUM(C7:H7) -> 4.8992013
A8: =A7+1 -> 6 | B8: Hot plasma | C8: 0 | D8: 0.96414291 | E8: 1.2799713 | F8: -0.5415133 | G8: 0.037783221 | H8: 0 | I8: =SUM(C8:H8) -> 1.7403841
A9: =A8+1 -> 7 | B9: Cold plasma | C9: 0 | D9: 0.91823134 | E9: 0 | F9: -0.56612754 | G9: 0 | H9: 0 | I9: =SUM(C9:H9) -> 0.3521038

Sheet overall_combined
B1: Scenario | C1: Coke | D1: Methane | E1: Heating | F1: Electricity | G1: Other utilities | H1: Direct emissions | I1: Total
A2: 0 | B2: Calcium carbide | C2: 1.8382869 | D2: 0 | E2: 0 | F2: =0.343017757736449+6.99461492646626 -> 7.3376327 | G2: =0.122995172300064+0.0494916194816559 -> 0.17248679 | H2: =0.00143962489334015+3.5999997466852 -> 3.6014394 | I2: =SUM(C2:H2) -> 12.949846
A3: =A2+1 -> 1 | B3: Partial oxidation | C3: 0 | D3: 1.9442705 | E3: 0.97285591 | F3: 1.3886141 | G3: 0.042102748 | H3: 0.49599996 | I3: =SUM(C3:H3) -> 4.8438432
A4: =A3+1 -> 2 | B4: Hot plasma | C4: 0 | D4: 0.77469247 | E4: 0.98889583 | F4: 5.296368 | G4: 0.046071232 | H4: 0 | I4: =SUM(C4:H4) -> 7.1060276
A5: =A4+1 -> 3 | B5: Cold plasma | C5: 0 | D5: 1.0406239 | E5: 0 | F5: 8.5907239 | G5: 0 | H5: 0 | I5: =SUM(C5:H5) -> 9.6313478
A6: =A5+1 -> 4 | B6: Thermal pyrolysis | C6: 0 | D6: 0.9478115 | E6: 1.1406159 | F6: 0 | G6: 0 | H6: 0 | I6: =SUM(C6:H6) -> 2.0884274
A7: =A6+1 -> 5 | B7: Calcium carbide | C7: -7.7153777 | D7: =D2 -> 0 | E7: =E2 -> 0 | F7: =F2 -> 7.3376327 | G7: =G2 -> 0.17248679 | H7: =H2 -> 3.6014394 | I7: =SUM(C7:H7) -> 3.3961812
A8: =A7+1 -> 6 | B8: Partial oxidation | C8: =C3 -> 0 | D8: -6.699685 | E8: =E3 -> 0.97285591 | F8: =F3 -> 1.3886141 | G8: =G3 -> 0.042102748 | H8: =H3 -> 0.49599996 | I8: =SUM(C8:H8) -> -3.8001122
A9: =A8+1 -> 7 | B9: Hot plasma | C9: =C4 -> 0 | D9: -2.6694822 | E9: =E4 -> 0.98889583 | F9: =F4 -> 5.296368 | G9: =G4 -> 0.046071232 | H9: =H4 -> 0 | I9: =SUM(C9:H9) -> 3.6618529
A10: =A9+1 -> 8 | B10: Cold plasma | C10: =C5 -> 0 | D10: -3.5858449 | E10: 0 | F10: 8.5907239 | G10: =G5 -> 0 | H10: =H5 -> 0 | I10: =SUM(C10:H10) -> 5.004879
A11: =A10+1 -> 9 | B11: Thermal pyrolysis | C11: =C6 -> 0 | D11: -3.2660263 | E11: =E6 -> 1.1406159 | F11: =F6 -> 0 | G11: =G6 -> 0 | H11: =H6 -> 0 | I11: =SUM(C11:H11) -> -2.1254104
A12: =A11+1 -> 10 | B12: Calcium carbide | C12: -8.9535163 | D12: =D7 -> 0 | E12: =E7 -> 0 | F12: =0.378616302304525+0.0185674431579575 -> 0.39718375 | G12: =G7 -> 0.17248679 | H12: =H7 -> 3.6014394 | I12: =SUM(C12:H12) -> -4.7824064
A13: =A12+1 -> 11 | B13: Partial oxidation | C13: =C8 -> 0 | D13: =D8 -> -6.699685 | E13: =E8 -> 0.97285591 | F13: 0.075165245 | G13: =G8 -> 0.042102748 | H13: =H8 -> 0.49599996 | I13: =SUM(C13:H13) -> -5.1135611
A14: =A13+1 -> 12 | B14: Hot plasma | C14: =C9 -> 0 | D14: =D9 -> -2.6694822 | E14: =E9 -> 0.98889583 | F14: 0.28669073 | G14: =G9 -> 0.046071232 | H14: =H9 -> 0 | I14: =SUM(C14:H14) -> -1.3478244
A15: =A14+1 -> 13 | B15: Cold plasma | C15: =C10 -> 0 | D15: =D10 -> -3.5858449 | E15: =E10 -> 0 | F15: 0.46501318 | G15: =G10 -> 0 | H15: =H10 -> 0 | I15: =SUM(C15:H15) -> -3.1208317
A16: =A15+1 -> 14 | B16: Thermal pyrolysis | C16: =C11 -> 0 | D16: =D11 -> -3.2660263 | E16: =E11 -> 1.1406159 | F16: 0 | G16: =G11 -> 0 | H16: =H11 -> 0 | I16: =SUM(C16:H16) -> -2.1254104
