Workbook

Sheet overall_2020
B1: Scenario | C1: Coke | D1: Methane | E1: Heating | F1: Electricity | G1: Other utilities | H1: Direct emissions | I1: Total | J1: Low | K1: High
A2: 0 | B2: Calcium carbide | C2: =economics!C3+economics!D3 -> 0.16811583 | D2: =economics!E3+economics!F3 -> 0 | E2: =economics!G3+economics!H3 -> 0 | F2: =economics!I3+economics!J3 -> 1.0099632 | G2: =economics!K3+economics!L3 -> 0.00060440576 | H2: 0 | I2: =SUM(C2:H2) -> 1.1786834 | J2: =economics!N3 -> 0.86219297 | K2: =economics!O3 -> 1.8654838
A3: =A2+1 -> 1 | B3: Partial combustion | C3: =economics!C4+economics!D4 -> 0 | D3: =economics!E4+economics!F4 -> 1.6333086 | E3: =economics!G4+economics!H4 -> 0.094293333 | F3: =economics!I4+economics!J4 -> 0.30832147 | G3: =economics!K4+economics!L4 -> 0.00014990222 | H3: 0 | I3: =SUM(C3:H3) -> 2.0360733 | J3: =economics!N4 -> 1.4222337 | K3: =economics!O4 -> 2.8456017
A4: =A3+1 -> 2 | B4: Thermal plasma | C4: =economics!C5+economics!D5 -> 0 | D4: =economics!E5+economics!F5 -> 0.56909707 | E4: =economics!G5+economics!H5 -> 0.083816296 | F4: =economics!I5+economics!J5 -> 1.1311976 | G4: =economics!K5+economics!L5 -> 0.00029013333 | H4: 0 | I4: =SUM(C4:H4) -> 1.7844011 | J4: =economics!N5 -> 1.285159 | K4: =economics!O5 -> 2.6960256
A5: =A4+1 -> 3 | B5: Non-thermal plasma | C5: =economics!C6+economics!D6 -> 0 | D5: =economics!E6+economics!F6 -> 0.42113183 | E5: =economics!G6+economics!H6 -> 0 | F5: =economics!I6+economics!J6 -> 1.1826157 | G5: =economics!K6+economics!L6 -> 0 | H5: 0 | I5: =SUM(C5:H5) -> 1.6037475 | J5: =economics!N6 -> 1.137997 | K5: =economics!O6 -> 2.4908304
A6: =A5+1 -> 4 | B6: Calcium carbide | C6: =economics!C9+economics!D9 -> 0.54210582 | D6: =economics!E9+economics!F9 -> 0 | E6: =economics!G9+economics!H9 -> 0 | F6: =economics!I9+economics!J9 -> 1.0099632 | G6: =economics!K9+economics!L9 -> 0.00060440576 | H6: 0 | I6: =SUM(C6:H6) -> 1.5526734 | J6: =economics!N9 -> 0.96347898 | K6: =economics!O9 -> 2.4814244
A7: =A6+1 -> 5 | B7: Partial combustion | C7: =economics!C10+economics!D10 -> 0 | D7: =economics!E10+economics!F10 -> 8.541998 | E7: =economics!G10+economics!H10 -> 0.094293333 | F7: =economics!I10+economics!J10 -> 0.30832147 | G7: =economics!K10+economics!L10 -> 0.00014990222 | H7: 0 | I7: =SUM(C7:H7) -> 8.9447627 | J7: =economics!N10 -> 6.3888472 | K7: =economics!O10 -> 11.501422
A8: =A7+1 -> 6 | B8: Thermal plasma | C8: =economics!C11+economics!D11 -> 0 | D8: =economics!E11+economics!F11 -> 2.9763059 | E8: =economics!G11+economics!H11 -> 0.083816296 | F8: =economics!I11+economics!J11 -> 1.1311976 | G8: =economics!K11+economics!L11 -> 0.00029013333 | H8: 0 | I8: =SUM(C8:H8) -> 4.19161 | J8: =economics!N11 -> 3.0156863 | K8: =economics!O11 -> 5.711991
A9: =A8+1 -> 7 | B9: Non-thermal plasma | C9: =economics!C12+economics!D12 -> 0 | D9: =economics!E12+economics!F12 -> 2.2024664 | E9: =economics!G12+economics!H12 -> 0 | F9: =economics!I12+economics!J12 -> 1.1826157 | G9: =economics!K12+economics!L12 -> 0 | H9: 0 | I9: =SUM(C9:H9) -> 3.3850821 | J9: =economics!N12 -> 2.4185872 | K9: =economics!O12 -> 4.7226448

Sheet overall_2020 (2)
B1: Scenario | C1: Coke | D1: Methane | E1: Heating | F1: Electricity | G1: Other utilities | H1: Direct emissions | I1: Total
A2: Fossil scenario
A3: 0 | B3: Calcium carbide | C3: =economics!C3+economics!D3 -> 0.16811583 | D3: =economics!E3+economics!F3 -> 0 | E3: =economics!G3+economics!H3 -> 0 | F3: =economics!I3+economics!J3 -> 1.0099632 | G3: =economics!K3+economics!L3 -> 0.00060440576 | H3: 0 | I3: =SUM(C3:H3) -> 1.1786834
A4: =A3+1 -> 1 | B4: Partial combustion | C4: =economics!C4+economics!D4 -> 0 | D4: =economics!E4+economics!F4 -> 1.6333086 | E4: =economics!G4+economics!H4 -> 0.094293333 | F4: =economics!I4+economics!J4 -> 0.30832147 | G4: =economics!K4+economics!L4 -> 0.00014990222 | H4: 0 | I4: =SUM(C4:H4) -> 2.0360733
A5: =A4+1 -> 2 | B5: Thermal plasma | C5: =economics!C5+economics!D5 -> 0 | D5: =economics!E5+economics!F5 -> 0.56909707 | E5: =economics!G5+economics!H5 -> 0.083816296 | F5: =economics!I5+economics!J5 -> 1.1311976 | G5: =economics!K5+economics!L5 -> 0.00029013333 | H5: 0 | I5: =SUM(C5:H5) -> 1.7844011
A6: =A5+1 -> 3 | B6: Non-thermal plasma | C6: =economics!C6+economics!D6 -> 0 | D6: =economics!E6+economics!F6 -> 0.42113183 | E6: =economics!G6+economics!H6 -> 0 | F6: =economics!I6+economics!J6 -> 1.1826157 | G6: =economics!K6+economics!L6 -> 0 | H6: 0 | I6: =SUM(C6:H6) -> 1.6037475
A7: Green scenario
A8: =A6+1 -> 4 | B8: Calcium carbide | C8: =economics!C9+economics!D9 -> 0.54210582 | D8: =economics!E9+economics!F9 -> 0 | E8: =economics!G9+economics!H9 -> 0 | F8: =economics!I9+economics!J9 -> 1.0099632 | G8: =economics!K9+economics!L9 -> 0.00060440576 | H8: 0 | I8: =SUM(C8:H8) -> 1.5526734
A9: =A8+1 -> 5 | B9: Partial combustion | C9: =economics!C10+economics!D10 -> 0 | D9: =economics!E10+economics!F10 -> 8.541998 | E9: =economics!G10+economics!H10 -> 0.094293333 | F9: =economics!I10+economics!J10 -> 0.30832147 | G9: =economics!K10+economics!L10 -> 0.00014990222 | H9: 0 | I9: =SUM(C9:H9) -> 8.9447627
A10: =A9+1 -> 6 | B10: Thermal plasma | C10: =economics!C11+economics!D11 -> 0 | D10: =economics!E11+economics!F11 -> 2.9763059 | E10: =economics!G11+economics!H11 -> 0.083816296 | F10: =economics!I11+economics!J11 -> 1.1311976 | G10: =economics!K11+economics!L11 -> 0.00029013333 | H10: 0 | I10: =SUM(C10:H10) -> 4.19161
A11: =A10+1 -> 7 | B11: Non-thermal plasma | C11: =economics!C12+economics!D12 -> 0 | D11: =economics!E12+economics!F12 -> 2.2024664 | E11: =economics!G12+economics!H12 -> 0 | F11: =economics!I12+economics!J12 -> 1.1826157 | G11: =economics!K12+economics!L12 -> 0 | H11: 0 | I11: =SUM(C11:H11) -> 3.3850821

Sheet overall_combined
B1: Scenario | C1: Coke | D1: Methane | E1: Heating | F1: Electricity | G1: Other utilities | H1: Direct emissions | I1: Total
A2: 0 | B2: Calcium carbide | C2: =economics!C3+economics!D3 -> 0.16811583 | D2: =economics!E3+economics!F3 -> 0 | E2: =economics!G3+economics!H3 -> 0 | F2: =economics!I3+economics!J3 -> 1.0099632 | G2: =economics!K3+economics!L3 -> 0.00060440576 | H2: 0 | I2: =SUM(C2:H2) -> 1.1786834
A3: =A2+1 -> 1 | B3: Partial oxidation | C3: =economics!C4+economics!D4 -> 0 | D3: =economics!E4+economics!F4 -> 1.6333086 | E3: =economics!G4+economics!H4 -> 0.094293333 | F3: =economics!I4+economics!J4 -> 0.30832147 | G3: =economics!K4+economics!L4 -> 0.00014990222 | H3: 0 | I3: =SUM(C3:H3) -> 2.0360733
A4: =A3+1 -> 2 | B4: Hot plasma | C4: =economics!C5+economics!D5 -> 0 | D4: =economics!E5+economics!F5 -> 0.56909707 | E4: =economics!G5+economics!H5 -> 0.083816296 | F4: =economics!I5+economics!J5 -> 1.1311976 | G4: =economics!K5+economics!L5 -> 0.00029013333 | H4: 0 | I4: =SUM(C4:H4) -> 1.7844011
A5: =A4+1 -> 3 | B5: Cold plasma | C5: =economics!C6+economics!D6 -> 0 | D5: =economics!E6+economics!F6 -> 0.42113183 | E5: =economics!G6+economics!H6 -> 0 | F5: =economics!I6+economics!J6 -> 1.1826157 | G5: =economics!K6+economics!L6 -> 0 | H5: 0 | I5: =SUM(C5:H5) -> 1.6037475
A6: =A5+1 -> 4 | B6: Thermal pyrolysis | C6: =economics!C7+economics!D7 -> 0 | D6: =economics!E7+economics!F7 -> 0.38357143 | E6: =economics!G7+economics!H7 -> 0.096607551 | F6: =economics!I7+economics!J7 -> 0 | G6: =economics!K7+economics!L7 -> 0 | H6: 0 | I6: =SUM(C6:H6) -> 0.48017898
A7: =A6+1 -> 5 | B7: Calcium carbide | C7: =economics!C9+economics!D9 -> 0.54210582 | D7: =economics!E9+economics!F9 -> 0 | E7: =economics!G9+economics!H9 -> 0 | F7: =economics!I9+economics!J9 -> 1.0099632 | G7: =economics!K9+economics!L9 -> 0.00060440576 | H7: 0 | I7: =SUM(C7:H7) -> 1.5526734
A8: =A7+1 -> 6 | B8: Partial oxidation | C8: =economics!C10+economics!D10 -> 0 | D8: =economics!E10+economics!F10 -> 8.541998 | E8: =economics!G10+economics!H10 -> 0.094293333 | F8: =economics!I10+economics!J10 -> 0.30832147 | G8: =economics!K10+economics!L10 -> 0.00014990222 | H8: 0 | I8: =SUM(C8:H8) -> 8.9447627
A9: =A8+1 -> 7 | B9: Hot plasma | C9: =economics!C11+economics!D11 -> 0 | D9: =economics!E11+economics!F11 -> 2.9763059 | E9: =economics!G11+economics!H11 -> 0.083816296 | F9: =economics!I11+economics!J11 -> 1.1311976 | G9: =economics!K11+economics!L11 -> 0.00029013333 | H9: 0 | I9: =SUM(C9:H9) -> 4.19161
A10: =A9+1 -> 8 | B10: Cold plasma | C10: =economics!C12+economics!D12 -> 0 | D10: =economics!E12+economics!F12 -> 2.2024664 | E10: =economics!G12+economics!H12 -> 0 | F10: =economics!I12+economics!J12 -> 1.1826157 | G10: =economics!K12+economics!L12 -> 0 | H10: 0 | I10: =SUM(C10:H10) -> 3.3850821
A11: =A10+1 -> 9 | B11: Thermal pyrolysis | C11: =economics!C13+economics!D13 -> 0 | D11: =economics!E13+economics!F13 -> 2.0060302 | E11: =economics!G13+economics!H13 -> 0.096607551 | F11: =economics!I13+economics!J13 -> 0 | G11: =economics!K13+economics!L13 -> 0 | H11: 0 | I11: =SUM(C11:H11) -> 2.1026378
A12: =A11+1 -> 10 | B12: Calcium carbide | C12: =economics!C15+economics!D15 -> 0.54210582 | D12: =economics!E15+economics!F15 -> 0 | E12: =economics!G15+economics!H15 -> 0 | F12: =economics!I15+economics!J15 -> 0.81841842 | G12: =economics!K15+economics!L15 -> 0.00060440576 | H12: 0 | I12: =SUM(C12:H12) -> 1.3611286
A13: =A12+1 -> 11 | B13: Partial oxidation | C13: =economics!C16+economics!D16 -> 0 | D13: =economics!E16+economics!F16 -> 8.541998 | E13: =economics!G16+economics!H16 -> 0.094293333 | F13: =economics!I16+economics!J16 -> 0.24984671 | G13: =economics!K16+economics!L16 -> 0.00014990222 | H13: 0 | I13: =SUM(C13:H13) -> 8.886288
A14: =A13+1 -> 12 | B14: Hot plasma | C14: =economics!C17+economics!D17 -> 0 | D14: =economics!E17+economics!F17 -> 2.9763059 | E14: =economics!G17+economics!H17 -> 0.083816296 | F14: =economics!I17+economics!J17 -> 0.91666015 | G14: =economics!K17+economics!L17 -> 0.00029013333 | H14: 0 | I14: =SUM(C14:H14) -> 3.9770725
A15: =A14+1 -> 13 | B15: Cold plasma | C15: =economics!C18+economics!D18 -> 0 | D15: =economics!E18+economics!F18 -> 2.2024664 | E15: =economics!G18+economics!H18 -> 0 | F15: =economics!I18+economics!J18 -> 0.95832652 | G15: =economics!K18+economics!L18 -> 0 | H15: 0 | I15: =SUM(C15:H15) -> 3.1607929
A16: =A15+1 -> 14 | B16: Thermal pyrolysis | C16: =economics!C19+economics!D19 -> 0 | D16: =economics!E19+economics!F19 -> 2.0060302 | E16: =economics!G19+economics!H19 -> 0.096607551 | F16: =economics!I19+economics!J19 -> 0 | G16: =economics!K19+economics!L19 -> 0 | H16: 0 | I16: =SUM(C16:H16) -> 2.1026378

Sheet mass_balance
B1: Scenario | C1: Coke [kg] | D1: Biochar [kg] | E1: Methane [kg] | F1: Biomethane [kg] | G1: Heating - steam [kg] | H1: Heating - natural gas [kg] | I1: Grid electricity [kWh] | J1: Wind electricity [kWh] | K1: Cooling water [kg] | L1: Limestone [kg]
A2: Fossil
A3: 0 | B3: Calcium carbide | C3: =3.1*0.645 -> 1.9995 | D3: 0 | E3: 0 | F3: 0 | G3: 0 | H3: 0 | I3: =0.505+3.1*3.322 -> 10.8032 | J3: 0 | K3: =3.1*2.032+6.2 -> 12.4992 | L3: =3.1*1.613 -> 5.0003
A4: =A3+1 -> 1 | B4: Partial oxidation | C4: 0 | D4: 0 | E4: 5.74 | F4: 0 | G4: 4.5 | H4: 0 | I4: 3.298 | J4: 0 | K4: 3.1 | L4: 0
A5: =A4+1 -> 2 | B5: Hot plasma | C5: 0 | D5: 0 | E5: 2 | F5: 0 | G5: 4 | H5: 0 | I5: 12.1 | J5: 0 | K5: 6 | L5: 0
A6: =A5+1 -> 3 | B6: Cold plasma | C6: 0 | D6: 0 | E6: 1.48 | F6: 0 | G6: 0 | H6: 0 | I6: 12.65 | J6: 0 | K6: 0 | L6: 0
A7: =A6+1 -> 4 | B7: Thermal pyrolysis | C7: 0 | D7: 0 | E7: 1.348 | F7: 0 | G7: 0 | H7: =15.991/47.1 -> 0.33951168 | I7: 0 | J7: 0 | K7: 0 | L7: 0
A8: Green (grid)
A9: =A7+1 -> 5 | B9: Calcium carbide | C9: 0 | D9: =C3 -> 1.9995 | E9: 0 | F9: =E3 -> 0 | G9: =G3 -> 0 | H9: =H3 -> 0 | I9: =I3 -> 10.8032 | J9: =J3 -> 0 | K9: =K3 -> 12.4992 | L9: =L3 -> 5.0003
A10: =A9+1 -> 6 | B10: Partial oxidation | C10: =C4 -> 0 | D10: 0 | E10: 0 | F10: =E4 -> 5.74 | G10: =G4 -> 4.5 | H10: =H4 -> 0 | I10: =I4 -> 3.298 | J10: =J4 -> 0 | K10: =K4 -> 3.1 | L10: =L4 -> 0
A11: =A10+1 -> 7 | B11: Hot plasma | C11: =C5 -> 0 | D11: 0 | E11: 0 | F11: =E5 -> 2 | G11: =G5 -> 4 | H11: =H5 -> 0 | I11: =I5 -> 12.1 | J11: =J5 -> 0 | K11: =K5 -> 6 | L11: =L5 -> 0
A12: =A11+1 -> 8 | B12: Cold plasma | C12: =C6 -> 0 | D12: 0 | E12: 0 | F12: =E6 -> 1.48 | G12: =G6 -> 0 | H12: =H6 -> 0 | I12: =I6 -> 12.65 | J12: =J6 -> 0 | K12: =K6 -> 0 | L12: =L6 -> 0
A13: =A12+1 -> 9 | B13: Thermal pyrolysis | C13: =C7 -> 0 | D13: 0 | E13: 0 | F13: =E7 -> 1.348 | G13: =G7 -> 0 | H13: =H7 -> 0.33951168 | I13: =I7 -> 0 | J13: =J7 -> 0 | K13: =K7 -> 0 | L13: =L7 -> 0
A14: Green (wind)
A15: =A13+1 -> 10 | B15: Calcium carbide | C15: =C9 -> 0 | D15: =D9 -> 1.9995 | E15: 0 | F15: =F9 -> 0 | G15: =G9 -> 0 | H15: =H9 -> 0 | I15: 0 | J15: =I9 -> 10.8032 | K15: =K9 -> 12.4992 | L15: =L9 -> 5.0003
A16: =A15+1 -> 11 | B16: Partial oxidation | C16: =C10 -> 0 | D16: =D10 -> 0 | E16: 0 | F16: =F10 -> 5.74 | G16: =G10 -> 4.5 | H16: =H10 -> 0 | I16: 0 | J16: =I10 -> 3.298 | K16: =K10 -> 3.1 | L16: =L10 -> 0
A17: =A16+1 -> 12 | B17: Hot plasma | C17: =C11 -> 0 | D17: =D11 -> 0 | E17: 0 | F17: =F11 -> 2 | G17: =G11 -> 4 | H17: =H11 -> 0 | I17: 0 | J17: =I11 -> 12.1 | K17: =K11 -> 6 | L17: =L11 -> 0
A18: =A17+1 -> 13 | B18: Cold plasma | C18: =C12 -> 0 | D18: =D12 -> 0 | E18: 0 | F18: =F12 -> 1.48 | G18: =G12 -> 0 | H18: =H12 -> 0 | I18: 0 | J18: =I12 -> 12.65 | K18: =K12 -> 0 | L18: =L12 -> 0
A19: =A18+1 -> 14 | B19: Thermal pyrolysis | C19: =C13 -> 0 | D19: =D13 -> 0 | E19: 0 | F19: =F13 -> 1.348 | G19: =G13 -> 0 | H19: =H13 -> 0.33951168 | I19: 0 | J19: =I13 -> 0 | K19: =K13 -> 0 | L19: =L13 -> 0

Sheet economics
B1: Scenario | C1: Coke [kg] | D1: Biochar [kg] | E1: Methane [kg] | F1: Biomethane [kg] | G1: Heating - steam [kg] | H1: Heating - natural gas [kg] | I1: Grid electricity [kWh] | J1: Wind electricity [kWh] | K1: Cooling water [kg] | L1: Limestone [kg] | M1: Total | N1: Low | O1: High
A2: Fossil
A3: 0 | B3: Calcium carbide | C3: =mass_balance!C3*prices!$A$3 -> 0.16811583 | D3: =mass_balance!D3*prices!$B$3 -> 0 | E3: =mass_balance!E3*prices!$C$3 -> 0 | F3: =mass_balance!F3*prices!$D$3 -> 0 | G3: =mass_balance!G3*prices!$E$3 -> 0 | H3: =mass_balance!H3*prices!$F$3 -> 0 | I3: =mass_balance!I3*prices!$G$3 -> 1.0099632 | J3: =mass_balance!J3*prices!$H$3 -> 0 | K3: =mass_balance!K3*prices!$I$3 -> 0.00060440576 | L3: =mass_balance!L3*prices!$J$3 -> 0 | M3: =SUM(C3:L3) -> 1.1786834 | N3: =SUMPRODUCT(mass_balance!C3:L3, prices!$A$4:$J$4) -> 0.86219297 | O3: =SUMPRODUCT(mass_balance!C3:L3, prices!$A$5:$J$5) -> 1.8654838
A4: =A3+1 -> 1 | B4: Partial oxidation | C4: =mass_balance!C4*prices!$A$3 -> 0 | D4: =mass_balance!D4*prices!$B$3 -> 0 | E4: =mass_balance!E4*prices!$C$3 -> 1.6333086 | F4: =mass_balance!F4*prices!$D$3 -> 0 | G4: =mass_balance!G4*prices!$E$3 -> 0.094293333 | H4: =mass_balance!H4*prices!$F$3 -> 0 | I4: =mass_balance!I4*prices!$G$3 -> 0.30832147 | J4: =mass_balance!J4*prices!$H$3 -> 0 | K4: =mass_balance!K4*prices!$I$3 -> 0.00014990222 | L4: =mass_balance!L4*prices!$J$3 -> 0 | M4: =SUM(C4:L4) -> 2.0360733 | N4: =SUMPRODUCT(mass_balance!C4:L4, prices!$A$4:$J$4) -> 1.4222337 | O4: =SUMPRODUCT(mass_balance!C4:L4, prices!$A$5:$J$5) -> 2.8456017
A5: =A4+1 -> 2 | B5: Hot plasma | C5: =mass_balance!C5*prices!$A$3 -> 0 | D5: =mass_balance!D5*prices!$B$3 -> 0 | E5: =mass_balance!E5*prices!$C$3 -> 0.56909707 | F5: =mass_balance!F5*prices!$D$3 -> 0 | G5: =mass_balance!G5*prices!$E$3 -> 0.083816296 | H5: =mass_balance!H5*prices!$F$3 -> 0 | I5: =mass_balance!I5*prices!$G$3 -> 1.1311976 | J5: =mass_balance!J5*prices!$H$3 -> 0 | K5: =mass_balance!K5*prices!$I$3 -> 0.00029013333 | L5: =mass_balance!L5*prices!$J$3 -> 0 | M5: =SUM(C5:L5) -> 1.7844011 | N5: =SUMPRODUCT(mass_balance!C5:L5, prices!$A$4:$J$4) -> 1.285159 | O5: =SUMPRODUCT(mass_balance!C5:L5, prices!$A$5:$J$5) -> 2.6960256
A6: =A5+1 -> 3 | B6: Cold plasma | C6: =mass_balance!C6*prices!$A$3 -> 0 | D6: =mass_balance!D6*prices!$B$3 -> 0 | E6: =mass_balance!E6*prices!$C$3 -> 0.42113183 | F6: =mass_balance!F6*prices!$D$3 -> 0 | G6: =mass_balance!G6*prices!$E$3 -> 0 | H6: =mass_balance!H6*prices!$F$3 -> 0 | I6: =mass_balance!I6*prices!$G$3 -> 1.1826157 | J6: =mass_balance!J6*prices!$H$3 -> 0 | K6: =mass_balance!K6*prices!$I$3 -> 0 | L6: =mass_balance!L6*prices!$J$3 -> 0 | M6: =SUM(C6:L6) -> 1.6037475 | N6: =SUMPRODUCT(mass_balance!C6:L6, prices!$A$4:$J$4) -> 1.137997 | O6: =SUMPRODUCT(mass_balance!C6:L6, prices!$A$5:$J$5) -> 2.4908304
A7: =A6+1 -> 4 | B7: Thermal pyrolysis | C7: =mass_balance!C7*prices!$A$3 -> 0 | D7: =mass_balance!D7*prices!$B$3 -> 0 | E7: =mass_balance!E7*prices!$C$3 -> 0.38357143 | F7: =mass_balance!F7*prices!$D$3 -> 0 | G7: =mass_balance!G7*prices!$E$3 -> 0 | H7: =mass_balance!H7*prices!$F$3 -> 0.096607551 | I7: =mass_balance!I7*prices!$G$3 -> 0 | J7: =mass_balance!J7*prices!$H$3 -> 0 | K7: =mass_balance!K7*prices!$I$3 -> 0 | L7: =mass_balance!L7*prices!$J$3 -> 0 | M7: =SUM(C7:L7) -> 0.48017898 | N7: =SUMPRODUCT(mass_balance!C7:L7, prices!$A$4:$J$4) -> 0.324981 | O7: =SUMPRODUCT(mass_balance!C7:L7, prices!$A$5:$J$5) -> 0.66243271
A8: Green (grid)
A9: =A7+1 -> 5 | B9: Calcium carbide | C9: =mass_balance!C9*prices!$A$3 -> 0 | D9: =mass_balance!D9*prices!$B$3 -> 0.54210582 | E9: =mass_balance!E9*prices!$C$3 -> 0 | F9: =mass_balance!F9*prices!$D$3 -> 0 | G9: =mass_balance!G9*prices!$E$3 -> 0 | H9: =mass_balance!H9*prices!$F$3 -> 0 | I9: =mass_balance!I9*prices!$G$3 -> 1.0099632 | J9: =mass_balance!J9*prices!$H$3 -> 0 | K9: =mass_balance!K9*prices!$I$3 -> 0.00060440576 | L9: =mass_balance!L9*prices!$J$3 -> 0 | M9: =SUM(C9:L9) -> 1.5526734 | N9: =SUMPRODUCT(mass_balance!C9:L9, prices!$A$4:$J$4) -> 0.96347898 | O9: =SUMPRODUCT(mass_balance!C9:L9, prices!$A$5:$J$5) -> 2.4814244
A10: =A9+1 -> 6 | B10: Partial oxidation | C10: =mass_balance!C10*prices!$A$3 -> 0 | D10: =mass_balance!D10*prices!$B$3 -> 0 | E10: =mass_balance!E10*prices!$C$3 -> 0 | F10: =mass_balance!F10*prices!$D$3 -> 8.541998 | G10: =mass_balance!G10*prices!$E$3 -> 0.094293333 | H10: =mass_balance!H10*prices!$F$3 -> 0 | I10: =mass_balance!I10*prices!$G$3 -> 0.30832147 | J10: =mass_balance!J10*prices!$H$3 -> 0 | K10: =mass_balance!K10*prices!$I$3 -> 0.00014990222 | L10: =mass_balance!L10*prices!$J$3 -> 0 | M10: =SUM(C10:L10) -> 8.9447627 | N10: =SUMPRODUCT(mass_balance!C10:L10, prices!$A$4:$J$4) -> 6.3888472 | O10: =SUMPRODUCT(mass_balance!C10:L10, prices!$A$5:$J$5) -> 11.501422
A11: =A10+1 -> 7 | B11: Hot plasma | C11: =mass_balance!C11*prices!$A$3 -> 0 | D11: =mass_balance!D11*prices!$B$3 -> 0 | E11: =mass_balance!E11*prices!$C$3 -> 0 | F11: =mass_balance!F11*prices!$D$3 -> 2.9763059 | G11: =mass_balance!G11*prices!$E$3 -> 0.083816296 | H11: =mass_balance!H11*prices!$F$3 -> 0 | I11: =mass_balance!I11*prices!$G$3 -> 1.1311976 | J11: =mass_balance!J11*prices!$H$3 -> 0 | K11: =mass_balance!K11*prices!$I$3 -> 0.00029013333 | L11: =mass_balance!L11*prices!$J$3 -> 0 | M11: =SUM(C11:L11) -> 4.19161 | N11: =SUMPRODUCT(mass_balance!C11:L11, prices!$A$4:$J$4) -> 3.0156863 | O11: =SUMPRODUCT(mass_balance!C11:L11, prices!$A$5:$J$5) -> 5.711991
A12: =A11+1 -> 8 | B12: Cold plasma | C12: =mass_balance!C12*prices!$A$3 -> 0 | D12: =mass_balance!D12*prices!$B$3 -> 0 | E12: =mass_balance!E12*prices!$C$3 -> 0 | F12: =mass_balance!F12*prices!$D$3 -> 2.2024664 | G12: =mass_balance!G12*prices!$E$3 -> 0 | H12: =mass_balance!H12*prices!$F$3 -> 0 | I12: =mass_balance!I12*prices!$G$3 -> 1.1826157 | J12: =mass_balance!J12*prices!$H$3 -> 0 | K12: =mass_balance!K12*prices!$I$3 -> 0 | L12: =mass_balance!L12*prices!$J$3 -> 0 | M12: =SUM(C12:L12) -> 3.3850821 | N12: =SUMPRODUCT(mass_balance!C12:L12, prices!$A$4:$J$4) -> 2.4185872 | O12: =SUMPRODUCT(mass_balance!C12:L12, prices!$A$5:$J$5) -> 4.7226448
A13: =A12+1 -> 9 | B13: Thermal pyrolysis | C13: =mass_balance!C13*prices!$A$3 -> 0 | D13: =mass_balance!D13*prices!$B$3 -> 0 | E13: =mass_balance!E13*prices!$C$3 -> 0 | F13: =mass_balance!F13*prices!$D$3 -> 2.0060302 | G13: =mass_balance!G13*prices!$E$3 -> 0 | H13: =mass_balance!H13*prices!$F$3 -> 0.096607551 | I13: =mass_balance!I13*prices!$G$3 -> 0 | J13: =mass_balance!J13*prices!$H$3 -> 0 | K13: =mass_balance!K13*prices!$I$3 -> 0 | L13: =mass_balance!L13*prices!$J$3 -> 0 | M13: =SUM(C13:L13) -> 2.1026378 | N13: =SUMPRODUCT(mass_balance!C13:L13, prices!$A$4:$J$4) -> 1.4913564 | O13: =SUMPRODUCT(mass_balance!C13:L13, prices!$A$5:$J$5) -> 2.6951934
A14: Green (wind)
A15: =A13+1 -> 10 | B15: Calcium carbide | C15: =mass_balance!C15*prices!$A$3 -> 0 | D15: =mass_balance!D15*prices!$B$3 -> 0.54210582 | E15: =mass_balance!E15*prices!$C$3 -> 0 | F15: =mass_balance!F15*prices!$D$3 -> 0 | G15: =mass_balance!G15*prices!$E$3 -> 0 | H15: =mass_balance!H15*prices!$F$3 -> 0 | I15: =mass_balance!I15*prices!$G$3 -> 0 | J15: =mass_balance!J15*prices!$H$3 -> 0.81841842 | K15: =mass_balance!K15*prices!$I$3 -> 0.00060440576 | L15: =mass_balance!L15*prices!$J$3 -> 0 | M15: =SUM(C15:L15) -> 1.3611286 | N15: =SUMPRODUCT(mass_balance!C15:L15, prices!$A$4:$J$4) -> 1.0229739 | O15: =SUMPRODUCT(mass_balance!C15:L15, prices!$A$5:$J$5) -> 2.3116461
A16: =A15+1 -> 11 | B16: Partial oxidation | C16: =mass_balance!C16*prices!$A$3 -> 0 | D16: =mass_balance!D16*prices!$B$3 -> 0 | E16: =mass_balance!E16*prices!$C$3 -> 0 | F16: =mass_balance!F16*prices!$D$3 -> 8.541998 | G16: =mass_balance!G16*prices!$E$3 -> 0.094293333 | H16: =mass_balance!H16*prices!$F$3 -> 0 | I16: =mass_balance!I16*prices!$G$3 -> 0 | J16: =mass_balance!J16*prices!$H$3 -> 0.24984671 | K16: =mass_balance!K16*prices!$I$3 -> 0.00014990222 | L16: =mass_balance!L16*prices!$J$3 -> 0 | M16: =SUM(C16:L16) -> 8.886288 | N16: =SUMPRODUCT(mass_balance!C16:L16, prices!$A$4:$J$4) -> 6.4070098 | O16: =SUMPRODUCT(mass_balance!C16:L16, prices!$A$5:$J$5) -> 11.449593
A17: =A16+1 -> 12 | B17: Hot plasma | C17: =mass_balance!C17*prices!$A$3 -> 0 | D17: =mass_balance!D17*prices!$B$3 -> 0 | E17: =mass_balance!E17*prices!$C$3 -> 0 | F17: =mass_balance!F17*prices!$D$3 -> 2.9763059 | G17: =mass_balance!G17*prices!$E$3 -> 0.083816296 | H17: =mass_balance!H17*prices!$F$3 -> 0 | I17: =mass_balance!I17*prices!$G$3 -> 0 | J17: =mass_balance!J17*prices!$H$3 -> 0.91666015 | K17: =mass_balance!K17*prices!$I$3 -> 0.00029013333 | L17: =mass_balance!L17*prices!$J$3 -> 0 | M17: =SUM(C17:L17) -> 3.9770725 | N17: =SUMPRODUCT(mass_balance!C17:L17, prices!$A$4:$J$4) -> 3.082323 | O17: =SUMPRODUCT(mass_balance!C17:L17, prices!$A$5:$J$5) -> 5.5218328
A18: =A17+1 -> 13 | B18: Cold plasma | C18: =mass_balance!C18*prices!$A$3 -> 0 | D18: =mass_balance!D18*prices!$B$3 -> 0 | E18: =mass_balance!E18*prices!$C$3 -> 0 | F18: =mass_balance!F18*prices!$D$3 -> 2.2024664 | G18: =mass_balance!G18*prices!$E$3 -> 0 | H18: =mass_balance!H18*prices!$F$3 -> 0 | I18: =mass_balance!I18*prices!$G$3 -> 0 | J18: =mass_balance!J18*prices!$H$3 -> 0.95832652 | K18: =mass_balance!K18*prices!$I$3 -> 0 | L18: =mass_balance!L18*prices!$J$3 -> 0 | M18: =SUM(C18:L18) -> 3.1607929 | N18: =SUMPRODUCT(mass_balance!C18:L18, prices!$A$4:$J$4) -> 2.4882528 | O18: =SUMPRODUCT(mass_balance!C18:L18, prices!$A$5:$J$5) -> 4.523843
A19: =A18+1 -> 14 | B19: Thermal pyrolysis | C19: =mass_balance!C19*prices!$A$3 -> 0 | D19: =mass_balance!D19*prices!$B$3 -> 0 | E19: =mass_balance!E19*prices!$C$3 -> 0 | F19: =mass_balance!F19*prices!$D$3 -> 2.0060302 | G19: =mass_balance!G19*prices!$E$3 -> 0 | H19: =mass_balance!H19*prices!$F$3 -> 0.096607551 | I19: =mass_balance!I19*prices!$G$3 -> 0 | J19: =mass_balance!J19*prices!$H$3 -> 0 | K19: =mass_balance!K19*prices!$I$3 -> 0 | L19: =mass_balance!L19*prices!$J$3 -> 0 | M19: =SUM(C19:L19) -> 2.1026378 | N19: =SUMPRODUCT(mass_balance!C19:L19, prices!$A$4:$J$4) -> 1.4913564 | O19: =SUMPRODUCT(mass_balance!C19:L19, prices!$A$5:$J$5) -> 2.6951934

Sheet prices
A1: *all costs in USD
A2: Coke [kg] | B2: Biochar [kg] | C2: Methane [kg] | D2: Biomethane [kg] | E2: Heating - steam [kg] | F2: Heating - natural gas [kg] | G2: Grid electricity [kWh] | H2: Wind electricity [kWh] | I2: Cooling water [kg] | J2: Limestone [kg]
A3: =61.4312015503876/1000*B13/B12 -> 0.084078934 | B3: =0.185*B13/B8 -> 0.27112069 | C3: =284.548537011/1000 -> 0.28454854 | D3: =83/1000*13.1*$B$13/$B$12 -> 1.488153 | E3: =15.6/1000*$B$13/$B$11 -> 0.020954074 | F3: =C3 -> 0.28454854 | G3: =69.6/1000*$B$13/$B$11 -> 0.093487407 | H3: =56.4/1000*$B$13/$B$11 -> 0.075757037 | I3: =0.036/1000*$B$13/$B$11 -> 4.8355556e-05 | J3: 0
A4: =48.65/1000*B13/B12 -> 0.066585709 | B4: =0.08*B13/B8 -> 0.11724138 | C4: =192.58/1000 -> 0.19258 | D4: =59/1000*13.1*$B$13/$B$12 -> 1.0578437 | E4: =15.6/1000*$B$13/$B$11 -> 0.020954074 | F4: =C4 -> 0.19258 | G4: =50.2/1000*$B$13/$B$11 -> 0.067429136 | H4: =54.3/1000*$B$13/$B$11 -> 0.072936296 | I4: =0.036/1000*$B$13/$B$11 -> 4.8355556e-05 | J4: 0
A5: =85.45/1000*B13/B12 -> 0.1169527 | B5: =0.29*B13/B8 -> 0.425 | C5: =392.55/1000 -> 0.39255 | D5: =106/1000*13.1*$B$13/$B$12 -> 1.9005327 | E5: =15.6/1000*$B$13/$B$11 -> 0.020954074 | F5: =C5 -> 0.39255 | G5: =112.4/1000*$B$13/$B$11 -> 0.15097679 | H5: =100.7/1000*$B$13/$B$11 -> 0.13526123 | I5: =0.036/1000*$B$13/$B$11 -> 4.8355556e-05 | J5: 0
A7: Reference Data
A8: CEPCI 2015 | B8: 556.8
A9: CEPCI 2017 | B9: 567.5
A10: CEPCI 2018 | B10: 603.1
A11: CEPCI 2019 | B11: 607.5
A12: CEPCI 2020 | B12: 596.2
A13: CEPCI 2022 | B13: 816
A16: References
A17: Coke [kg] | B17: https://markets.businessinsider.com/commodities/coal-price
A18: Biochar [kg] | B18: http://dx.doi.org/10.13140/RG.2.2.34448.30721
A19: Methane [kg] | B19: https://www.worldbank.org/en/research/commodity-markets
A20: Biomethane [kg] | B20: Market state and trends in renewable and low-carbon gases in Europe
A21: Heating - steam [kg] | B21: https://doi.org/10.1002/cssc.202001312
A22: Heating - natural gas [MJ] | B22: https://www.worldbank.org/en/research/commodity-markets
A23: Grid electricity [kWh] | B23: https://doi.org/10.1002/cssc.202001312
A24: Wind electricity [kWh] | B24: https://doi.org/10.1002/cssc.202001312
A25: Cooling water [kg] | B25: https://doi.org/10.1002/cssc.202001312
A26: Limestone [kg] | B26: https://businessanalytiq.com/procurementanalytics/index/calcium-carbonate-price-index/
