Workbook

Sheet overall
B1: Scenario | C1: Acetylene | D1: Ethylene | E1: Chlorine or HCl | F1: Electricity | G1: Heating utilities | H1: Cooling utilities | I1: Direct emissions | J1: Total | K1: Low | L1: High
A2: 0 | B2: ATV | C2: =economics!E4 -> 0.490464 | D2: 0 | E2: =economics!H4 -> 0.089352 | F2: 0 | G2: =economics!I4 -> 0.00023198862 | H2: =economics!K4+economics!L4+economics!M4 -> 0.010915645 | I2: 0 | J2: =SUM(C2:I2) -> 0.59096363 | K2: =economics!O4 -> 0.45901665 | L2: =economics!P4 -> 0.87642769
A3: =A2+1 -> 1 | B3: EBP | C3: 0 | D3: =economics!C3 -> 0.80166867 | E3: =economics!G3 -> 0.22194872 | F3: =economics!J3 -> 0.0022810927 | G3: =economics!I3 -> 0.014378461 | H3: =economics!K3+economics!L3+economics!M3 -> 0.10239863 | I3: 0 | J3: =SUM(C3:I3) -> 1.1426756 | K3: =economics!O3 -> 0.92145284 | L3: =economics!P3 -> 1.206263
A4: =A3+1 -> 2 | B4: ATV | C4: =economics!F7 -> 0.646048 | D4: =D2 -> 0 | E4: =E2 -> 0.089352 | F4: =F2 -> 0 | G4: =G2 -> 0.00023198862 | H4: =H2 -> 0.010915645 | I4: =I2 -> 0 | J4: =SUM(C4:I4) -> 0.74654763 | K4: =economics!O7 -> 0.50103265 | L4: =economics!P7 -> 1.1326837
A5: =A4+1 -> 3 | B5: EBP | C5: =C3 -> 0 | D5: =economics!D6 -> 1.9866768 | E5: =E3 -> 0.22194872 | F5: =F3 -> 0.0022810927 | G5: =G3 -> 0.014378461 | H5: =H3 -> 0.10239863 | I5: =I3 -> 0 | J5: =SUM(C5:I5) -> 2.3276837 | K5: =economics!O6 -> 2.3224006 | L5: =economics!P6 -> 2.3345438

Sheet mass_balance
B1: Scenario | C1: Ethylene [kg] | D1: Bioethylene [kg] | E1: Acetylene [kg] | F1: Bioacetylene [kg] | G1: Chlorine [kg] | H1: HCl [kg] | I1: Heating - natural gas [kg] | J1: Grid electricity [kWh] | K1: Cooling water [kg] | L1: Refrigeration -25 °C [MJ] | M1: Refrigeration -50 °C [MJ]
A2: Fossil
A3: 0 | B3: EBP | C3: 0.453 | D3: 0 | E3: 0 | F3: 0 | G3: 0.571 | H3: 0 | I3: 0.050530786 | J3: 0.0244 | K3: 196.84672 | L3: 0 | M3: 2.15
A4: =A3+1 -> 1 | B4: ATV | C4: 0 | D4: 0 | E4: 0.416 | F4: 0 | G4: 0 | H4: 0.584 | I4: 0.00081528662 | J4: 0 | K4: 75.994264 | L4: 0.3914 | M4: 0
A5: Green
A6: =A4+1 -> 2 | B6: =B3 -> EBP | C6: 0 | D6: =C3 -> 0.453 | E6: =E3 -> 0 | F6: =F3 -> 0 | G6: =G3 -> 0.571 | H6: =H3 -> 0 | I6: =I3 -> 0.050530786 | J6: =J3 -> 0.0244 | K6: =K3 -> 196.84672 | L6: =L3 -> 0 | M6: =M3 -> 2.15
A7: =A6+1 -> 3 | B7: =B4 -> ATV | C7: =C4 -> 0 | D7: =D4 -> 0 | E7: 0 | F7: =E4 -> 0.416 | G7: =G4 -> 0 | H7: =H4 -> 0.584 | I7: =I4 -> 0.00081528662 | J7: =J4 -> 0 | K7: =K4 -> 75.994264 | L7: =L4 -> 0.3914 | M7: =M4 -> 0

Sheet economics
B1: Scenario | C1: Ethylene [kg] | D1: Bioethylene [kg] | E1: Acetylene [kg] | F1: Bioacetylene [kg] | G1: Chlorine [kg] | H1: HCl [kg] | I1: Heating - natural gas [kg] | J1: Grid electricity [kWh] | K1: Cooling water [kg] | L1: Refrigeration -25 °C [MJ] | M1: Refrigeration -50 °C [MJ] | N1: Total | O1: Low | P1: High
A2: Fossil
A3: 0 | B3: EBP | C3: =mass_balance!C3*prices!A$3 -> 0.80166867 | D3: =mass_balance!D3*prices!B$3 -> 0 | E3: =mass_balance!E3*prices!C$3 -> 0 | F3: =mass_balance!F3*prices!D$3 -> 0 | G3: =mass_balance!G3*prices!E$3 -> 0.22194872 | H3: =mass_balance!H3*prices!F$3 -> 0 | I3: =mass_balance!I3*prices!G$3 -> 0.014378461 | J3: =mass_balance!J3*prices!H$3 -> 0.0022810927 | ... M3: =mass_balance!M3*prices!K$3 -> 0.09288 | N3: =SUM(C3:M3) -> 1.1426756 | O3: =SUMPRODUCT(mass_balance!C3:M3, prices!$A$4:$K$4) -> 0.92145284 | P3: =SUMPRODUCT(mass_balance!C3:M3, prices!$A$5:$K$5) -> 1.206263
A4: =A3+1 -> 1 | B4: ATV | C4: =mass_balance!C4*prices!A$3 -> 0 | D4: =mass_balance!D4*prices!B$3 -> 0 | E4: =mass_balance!E4*prices!C$3 -> 0.490464 | F4: =mass_balance!F4*prices!D$3 -> 0 | G4: =mass_balance!G4*prices!E$3 -> 0 | H4: =mass_balance!H4*prices!F$3 -> 0.089352 | I4: =mass_balance!I4*prices!G$3 -> 0.00023198862 | J4: =mass_balance!J4*prices!H$3 -> 0 | ... M4: =mass_balance!M4*prices!K$3 -> 0 | N4: =SUM(C4:M4) -> 0.59096363 | O4: =SUMPRODUCT(mass_balance!C4:M4, prices!$A$4:$K$4) -> 0.45901665 | P4: =SUMPRODUCT(mass_balance!C4:M4, prices!$A$5:$K$5) -> 0.87642769
A5: Green
A6: =A4+1 -> 2 | B6: =B3 -> EBP | C6: =mass_balance!C6*prices!A$3 -> 0 | D6: =mass_balance!D6*prices!B$3 -> 1.9866768 | E6: =mass_balance!E6*prices!C$3 -> 0 | F6: =mass_balance!F6*prices!D$3 -> 0 | G6: =mass_balance!G6*prices!E$3 -> 0.22194872 | H6: =mass_balance!H6*prices!F$3 -> 0 | I6: =mass_balance!I6*prices!G$3 -> 0.014378461 | J6: =mass_balance!J6*prices!H$3 -> 0.0022810927 | ... M6: =mass_balance!M6*prices!K$3 -> 0.09288 | N6: =SUM(C6:M6) -> 2.3276837 | O6: =SUMPRODUCT(mass_balance!C6:M6, prices!$A$4:$K$4) -> 2.3224006 | P6: =SUMPRODUCT(mass_balance!C6:M6, prices!$A$5:$K$5) -> 2.3345438
A7: =A6+1 -> 3 | B7: =B4 -> ATV | C7: =mass_balance!C7*prices!A$3 -> 0 | D7: =mass_balance!D7*prices!B$3 -> 0 | E7: =mass_balance!E7*prices!C$3 -> 0 | F7: =mass_balance!F7*prices!D$3 -> 0.646048 | G7: =mass_balance!G7*prices!E$3 -> 0 | H7: =mass_balance!H7*prices!F$3 -> 0.089352 | I7: =mass_balance!I7*prices!G$3 -> 0.00023198862 | J7: =mass_balance!J7*prices!H$3 -> 0 | ... M7: =mass_balance!M7*prices!K$3 -> 0 | N7: =SUM(C7:M7) -> 0.74654763 | O7: =SUMPRODUCT(mass_balance!C7:M7, prices!$A$4:$K$4) -> 0.50103265 | P7: =SUMPRODUCT(mass_balance!C7:M7, prices!$A$5:$K$5) -> 1.1326837

Sheet prices
A1: *all costs in USD
A2: Ethylene [kg] | B2: Bioethylene [kg] | C2: Acetylene [kg] | D2: Bioacetylene [kg] | E2: Chlorine [kg] | F2: HCl [kg] | G2: Heating - natural gas [kg] | H2: Grid electricity [kWh] | I2: Cooling water [kg] | J2: Refrigeration -25 °C [MJ] | K2: Refrigeration -50 °C [MJ]
A3: =1293/1000*$B$13/$B$12 -> 1.769688 | B3: =4385.6/1000 -> 4.3856 | C3: 1.179 | D3: 1.553 | E3: =0.284*$B$13/$B$12 -> 0.38870178 | F3: =153/1000 -> 0.153 | G3: 0.28454854 | H3: 0.093487407 | I3: =0.036/1000*$B$13/$B$11 -> 4.8355556e-05 | J3: =18.5/1000 -> 0.0185 | K3: =43.2/1000 -> 0.0432
A4: 1.293 | B4: =4385.6/1000 -> 4.3856 | C4: 0.862 | D4: 0.963 | E4: =0.284*$B$13/$B$12 -> 0.38870178 | F4: =153/1000 -> 0.153 | G4: =192.58/1000 -> 0.19258 | H4: =50.2/1000*$B$13/$B$11 -> 0.067429136 | I4: =0.036/1000*$B$13/$B$11 -> 4.8355556e-05 | J4: =18.5/1000 -> 0.0185 | K4: =43.2/1000 -> 0.0432
A5: =A4*B13/B8 -> 1.8949138 | B5: =4385.6/1000 -> 4.3856 | C5: 1.865 | D5: 2.481 | E5: =0.284*$B$13/$B$12 -> 0.38870178 | F5: =153/1000 -> 0.153 | G5: =392.55/1000 -> 0.39255 | H5: =112.4/1000*$B$13/$B$11 -> 0.15097679 | I5: =0.036/1000*$B$13/$B$11 -> 4.8355556e-05 | J5: =18.5/1000 -> 0.0185 | K5: =43.2/1000 -> 0.0432
A7: Reference Data
A8: CEPCI 2015 | B8: 556.8
A9: CEPCI 2017 | B9: 567.5
A10: CEPCI 2018 | B10: 603.1
A11: CEPCI 2019 | B11: 607.5
A12: CEPCI 2020 | B12: 596.2
A13: CEPCI 2022 | B13: 816
A16: References
A17: Ethylene [kg] | B17: https://doi.org/10.1002/cssc.202001312
A18: Bioethylene [kg] | B18: https://pubs.acs.org/doi/10.1021/acs.iecr.7b03731
A19: Acetylene [kg] | B19: This work
A20: Bioacetylene [kg] | B20: This work
A21: Chlorine [kg] | B21: https://pubs.acs.org/doi/10.1021/acssuschemeng.3c03006
A22: HCl [kg] | B22: https://doi.org/10.26434/chemrxiv-2024-vlq7m-v2
A23: Heating - natural gas [kg] | B23: https://www.worldbank.org/en/research/commodity-markets
A24: Grid electricity [kWh] | B24: https://doi.org/10.1002/cssc.202001312
A25: Cooling water [kg] | B25: https://doi.org/10.1002/cssc.202001312
A26: Refrigeration -25 °C [MJ] | B26: https://doi.org/10.1016/j.compchemeng.2017.03.013
A27: Refrigeration -50 °C [MJ] | B27: https://doi.org/10.1016/j.compchemeng.2017.03.013
